benchmark_dir,name,length,PEG2PEGTIME,PBTIME,ENGINETIME,Optimization took,nodes:,values:
java/polybench/datamining/,"Covariance: void <init>()",4,222,154,4,297,10,10
java/polybench/datamining/,"Covariance: void initArray(int,int,double[],double[][])",33,31279,30529,676,31380,1108,1272
java/polybench/datamining/,"Covariance: void printArray(int,double[][])",44,1406,739,592,1542,656,1079
java/polybench/datamining/,"Covariance: void kernelCovariance(int,int,double,double[][],double[][],double[])",130,19246,18642,520,19447,503,1790
java/polybench/datamining/,"Covariance: void main(java.lang.String[])",55,300,202,25,395,84,84
java/polybench/datamining/,"Correlation: void <init>()",4,221,153,4,295,10,10
java/polybench/datamining/,"Correlation: void initArray(int,int,double[],double[][])",34,FAILURE,FAILURE,FAILURE,FAILURE,FAILURE,FAILURE
java/polybench/datamining/,"Correlation: void printArray(int,double[][])",44,1410,741,593,1549,664,1115
java/polybench/datamining/,"Correlation: void kernelCorrelation(int,int,double,double[][],double[][],double[],double[])",226,12056,11468,497,12342,613,1884
java/polybench/datamining/,"Correlation: void main(java.lang.String[])",59,304,204,27,391,87,87
java/polybench/linear-algebra/blas/,"Syrk: void <init>()",4,222,153,4,298,10,10
java/polybench/linear-algebra/blas/,"Syrk: void initArray(int,int,double[],double[],double[][],double[][])",70,3064,2326,661,3149,828,1351
java/polybench/linear-algebra/blas/,"Syrk: void printArray(int,double[][])",44,1527,855,596,1665,676,1077
java/polybench/linear-algebra/blas/,"Syrk: void kernelSyrk(int,int,double,double,double[][],double[][])",60,1523,894,556,1664,460,1634
java/polybench/linear-algebra/blas/,"Syrk: void main(java.lang.String[])",59,304,203,27,399,87,87
java/polybench/linear-algebra/blas/,"Symm: void <init>()",4,221,152,4,294,10,10
java/polybench/linear-algebra/blas/,"Symm: void initArray(int,int,double[],double[],double[][],double[][],double[][])",97,30079,29433,570,30237,793,1345
java/polybench/linear-algebra/blas/,"Symm: void printArray(int,int,double[][])",44,1414,746,595,1553,693,1084
java/polybench/linear-algebra/blas/,"Symm: void kernelSymm(int,int,double,double,double[][],double[][],double[][])",90,19917,19302,537,20087,459,1791
java/polybench/linear-algebra/blas/,"Symm: void main(java.lang.String[])",66,305,204,28,401,90,90
java/polybench/linear-algebra/blas/,"Gemver: void <init>()",4,222,154,4,298,10,10
java/polybench/linear-algebra/blas/,"Gemver: void initArray(int,double[],double[],double[][],double[],double[],double[],double[],double[],double[],double[],double[])",109,174576,173893,607,174660,878,1224
java/polybench/linear-algebra/blas/,"Gemver: void printArray(int,double[])",31,1588,989,527,1697,780,761
java/polybench/linear-algebra/blas/,"Gemver: void kernelGemver(int,double,double,double[][],double[],double[],double[],double[],double[],double[],double[],double[])",123,158517,157897,540,158702,512,1616
java/polybench/linear-algebra/blas/,"Gemver: void main(java.lang.String[])",89,322,214,34,421,106,106
java/polybench/linear-algebra/blas/,"Trmm: void <init>()",4,223,152,5,300,10,10
java/polybench/linear-algebra/blas/,"Trmm: void initArray(int,int,double[],double[][],double[][])",63,5416,4712,629,5548,801,1198
java/polybench/linear-algebra/blas/,"Trmm: void printArray(int,int,double[][])",44,1533,857,601,1676,694,1089
java/polybench/linear-algebra/blas/,"Trmm: void kernelTrmm(int,int,double,double[][],double[][])",56,1376,732,570,1509,316,1757
java/polybench/linear-algebra/blas/,"Trmm: void main(java.lang.String[])",53,293,199,24,387,81,81
java/polybench/linear-algebra/blas/,"Gesummv: void <init>()",4,224,154,4,300,10,10
java/polybench/linear-algebra/blas/,"Gesummv: void initArray(int,double[],double[],double[][],double[][],double[])",66,5929,5186,669,6009,967,1453
java/polybench/linear-algebra/blas/,"Gesummv: void printArray(int,double[])",31,2100,1493,531,2210,777,757
java/polybench/linear-algebra/blas/,"Gesummv: void kernelGesummv(int,double,double,double[][],double[][],double[],double[],double[])",68,2966,2342,550,3104,345,1395
java/polybench/linear-algebra/blas/,"Gesummv: void main(java.lang.String[])",68,315,213,30,412,94,94
java/polybench/linear-algebra/blas/,"Syr2k: void <init>()",4,224,153,4,298,10,10
java/polybench/linear-algebra/blas/,"Syr2k: void initArray(int,int,double[],double[],double[][],double[][],double[][])",86,TIMEOUT,TIMEOUT,TIMEOUT,TIMEOUT,TIMEOUT,TIMEOUT
java/polybench/linear-algebra/blas/,"Syr2k: void printArray(int,double[][])",44,1625,952,599,1760,685,1077
java/polybench/linear-algebra/blas/,"Syr2k: void kernelSyr2k(int,int,double,double,double[][],double[][],double[][])",74,TIMEOUT,TIMEOUT,TIMEOUT,TIMEOUT,TIMEOUT,TIMEOUT
java/polybench/linear-algebra/blas/,"Syr2k: void main(java.lang.String[])",65,303,204,27,399,90,90
java/polybench/linear-algebra/blas/,"Gemm: void <init>()",4,223,154,4,298,10,10
java/polybench/linear-algebra/blas/,"Gemm: void initArray(int,int,int,double[],double[],double[][],double[][],double[][])",100,274914,274135,703,274998,1048,1540
java/polybench/linear-algebra/blas/,"Gemm: void printArray(int,int,double[][])",44,1634,959,602,1768,704,1105
java/polybench/linear-algebra/blas/,"Gemm: void kernelGemm(int,int,int,double,double,double[][],double[][],double[][])",60,1839,1202,563,1983,506,1559
java/polybench/linear-algebra/blas/,"Gemm: void main(java.lang.String[])",70,306,207,28,404,92,92
java/polybench/linear-algebra/kernels/,"TwoMM: void <init>()",4,222,153,5,295,10,10
java/polybench/linear-algebra/kernels/,"TwoMM: void initArray(int,int,int,int,double[],double[],double[][],double[][],double[][],double[][])",132,4026,3143,803,4113,1487,1690
java/polybench/linear-algebra/kernels/,"TwoMM: void printArray(int,int,double[][])",44,1715,1049,591,1844,698,1072
java/polybench/linear-algebra/kernels/,"TwoMM: void kernelTwoMM(int,int,int,int,double,double,double[][],double[][],double[][],double[][],double[][])",99,3314,2706,528,3614,462,1686
java/polybench/linear-algebra/kernels/,"TwoMM: void main(java.lang.String[])",85,313,208,31,412,101,101
java/polybench/linear-algebra/kernels/,"Mvt: void <init>()",4,222,154,4,295,10,10
java/polybench/linear-algebra/kernels/,"Mvt: void initArray(int,double[],double[],double[],double[],double[][])",76,35324,34597,652,35400,1089,1218
java/polybench/linear-algebra/kernels/,"Mvt: void printArray(int,double[],double[])",60,7121,6551,492,7273,688,834
java/polybench/linear-algebra/kernels/,"Mvt: void kernelMvt(int,double[],double[],double[],double[],double[][])",60,135494,134840,577,135623,700,1499
java/polybench/linear-algebra/kernels/,"Mvt: void main(java.lang.String[])",56,294,199,26,389,79,79
java/polybench/linear-algebra/kernels/,"Doitgen: void <init>()",4,221,150,5,294,10,10
java/polybench/linear-algebra/kernels/,"Doitgen: void initArray(int,int,int,double[][][],double[][])",69,7759,7052,635,7840,890,1475
java/polybench/linear-algebra/kernels/,"Doitgen: void printArray(int,int,int,double[][][])",59,1931,1199,658,2092,1134,1108
java/polybench/linear-algebra/kernels/,"Doitgen: void kernelDoitgen(int,int,int,double[][][],double[][],double[])",69,1278,649,552,1447,359,1608
java/polybench/linear-algebra/kernels/,"Doitgen: void main(java.lang.String[])",56,313,217,23,408,78,78
java/polybench/linear-algebra/kernels/,"Atax: void <init>()",4,224,154,4,298,10,10
java/polybench/linear-algebra/kernels/,"Atax: void initArray(int,int,double[][],double[])",51,47839,47135,629,47956,948,1018
java/polybench/linear-algebra/kernels/,"Atax: void printArray(int,double[])",31,1971,1375,523,2079,785,763
java/polybench/linear-algebra/kernels/,"Atax: void kernelAtax(int,int,double[][],double[],double[],double[])",68,123228,122589,563,123367,567,1496
java/polybench/linear-algebra/kernels/,"Atax: void main(java.lang.String[])",52,292,197,24,388,78,78
java/polybench/linear-algebra/kernels/,"ThreeMM: void <init>()",4,224,153,4,298,10,10
java/polybench/linear-algebra/kernels/,"ThreeMM: void initArray(int,int,int,int,int,double[][],double[][],double[][],double[][])",134,2632,1844,707,2723,1170,1511
java/polybench/linear-algebra/kernels/,"ThreeMM: void printArray(int,int,double[][])",44,1513,848,590,1648,662,1081
java/polybench/linear-algebra/kernels/,"ThreeMM: void kernelThreeMM(int,int,int,int,int,double[][],double[][],double[][],double[][],double[][],double[][],double[][])",140,1486,905,497,1858,468,1860
java/polybench/linear-algebra/kernels/,"ThreeMM: void main(java.lang.String[])",85,323,216,30,421,95,95
java/polybench/linear-algebra/kernels/,"Bicg: void <init>()",4,224,156,4,298,10,10
java/polybench/linear-algebra/kernels/,"Bicg: void initArray(int,int,double[][],double[],double[])",59,329532,328685,774,329606,1643,1488
java/polybench/linear-algebra/kernels/,"Bicg: void printArray(int,int,double[],double[])",60,7846,7282,485,7999,791,830
java/polybench/linear-algebra/kernels/,"Bicg: void kernelBiCG(int,int,double[][],double[],double[],double[],double[])",53,1151,521,559,1276,295,1521
java/polybench/linear-algebra/kernels/,"Bicg: void main(java.lang.String[])",59,293,197,24,357,81,81
java/polybench/linear-algebra/solvers/,"Trisolv: void <init>()",4,220,149,5,270,10,10
java/polybench/linear-algebra/solvers/,"Trisolv: void initArray(int,double[][],double[],double[])",43,FAILURE,FAILURE,FAILURE,FAILURE,FAILURE,FAILURE
java/polybench/linear-algebra/solvers/,"Trisolv: void printArray(int,double[])",33,3073,2477,522,3188,768,747
java/polybench/linear-algebra/solvers/,"Trisolv: void kernelTriSolv(int,double[][],double[],double[])",49,3709,3091,545,3828,492,1216
java/polybench/linear-algebra/solvers/,"Trisolv: void main(java.lang.String[])",48,285,191,23,379,76,76
java/polybench/linear-algebra/solvers/,"Cholesky: void <init>()",4,223,152,4,296,10,10
java/polybench/linear-algebra/solvers/,"Cholesky: void initArray(int,double[][])",120,17844,17219,541,18039,718,1585
java/polybench/linear-algebra/solvers/,"Cholesky: void printArray(int,double[][])",46,1731,1074,584,1865,747,1106
java/polybench/linear-algebra/solvers/,"Cholesky: void kernelCholesky(int,double[][])",92,1443,855,509,1605,373,1690
java/polybench/linear-algebra/solvers/,"Cholesky: void main(java.lang.String[])",35,282,192,19,371,65,65
java/polybench/linear-algebra/solvers/,"Lu: void <init>()",4,229,154,4,302,10,10
java/polybench/linear-algebra/solvers/,"Lu: void initArray(int,double[][])",125,17566,16940,543,17758,804,1505
java/polybench/linear-algebra/solvers/,"Lu: void printArray(int,double[][])",44,1423,744,607,1558,663,1128
java/polybench/linear-algebra/solvers/,"Lu: void kernelLU(int,double[][])",88,1177,578,523,1345,411,1741
java/polybench/linear-algebra/solvers/,"Lu: void main(java.lang.String[])",38,277,188,20,362,69,69
java/polybench/linear-algebra/solvers/,"Ludcmp: void <init>()",4,223,154,4,298,10,10
java/polybench/linear-algebra/solvers/,"Ludcmp: void initArray(int,double[][],double[],double[],double[])",144,69524,68911,528,69726,790,1488
java/polybench/linear-algebra/solvers/,"Ludcmp: void printArray(int,double[])",33,1671,1071,529,1785,770,749
java/polybench/linear-algebra/solvers/,"Ludcmp: void kernelLudcmp(int,double[][],double[],double[],double[])",172,71992,71385,518,72227,740,1794
java/polybench/linear-algebra/solvers/,"Ludcmp: void main(java.lang.String[])",53,292,198,24,387,79,79
java/polybench/linear-algebra/solvers/,"GramSchmidt: void <init>()",4,223,153,5,297,10,10
java/polybench/linear-algebra/solvers/,"GramSchmidt: void initArray(int,int,double[][],double[][],double[][])",52,2932,2159,698,3011,924,1457
java/polybench/linear-algebra/solvers/,"GramSchmidt: void printArray(int,int,double[][],double[][])",86,3463,2788,590,3653,769,1158
java/polybench/linear-algebra/solvers/,"GramSchmidt: void kernelGramSchmidt(int,int,double[][],double[][],double[][])",129,1614,1010,521,1818,467,1915
java/polybench/linear-algebra/solvers/,"GramSchmidt: void main(java.lang.String[])",56,292,199,23,386,78,78
java/polybench/linear-algebra/solvers/,"Durbin: void <init>()",4,224,154,4,297,10,10
java/polybench/linear-algebra/solvers/,"Durbin: void initArray(int,double[])",18,2572,1891,609,2662,1339,853
java/polybench/linear-algebra/solvers/,"Durbin: void printArray(int,double[])",33,3876,3271,530,3990,770,747
java/polybench/linear-algebra/solvers/,"Durbin: void kernelDurbin(int,double[],double[])",99,11969,11259,633,12134,1093,1436
java/polybench/linear-algebra/solvers/,"Durbin: void main(java.lang.String[])",38,281,191,21,366,69,69
java/polybench/medley/,"FloydWarshall: void <init>()",4,224,153,4,305,10,10
java/polybench/medley/,"FloydWarshall: void initArray(int,int[][])",52,TIMEOUT,TIMEOUT,TIMEOUT,TIMEOUT,TIMEOUT,TIMEOUT
java/polybench/medley/,"FloydWarshall: void printArray(int,int[][])",45,1424,744,602,1563,662,1121
java/polybench/medley/,"FloydWarshall: void kernelFloydWarshall(int,int[][])",45,1301,654,575,1426,374,1462
java/polybench/medley/,"FloydWarshall: void main(java.lang.String[])",35,273,184,20,356,65,65
java/polybench/medley/,"Nussinov: void <init>()",4,220,150,4,269,10,10
java/polybench/medley/,"Nussinov: void initArray(int,byte[],int[][])",30,4296,3638,587,4396,1489,1108
java/polybench/medley/,"Nussinov: void printArray(int,int[][])",44,1265,638,550,1401,389,1108
java/polybench/medley/,"Nussinov: int match(byte,byte)",10,232,156,10,315,13,12
java/polybench/medley/,"Nussinov: int maxScore(int,int)",5,236,165,4,309,11,11
java/polybench/medley/,"Nussinov: void kernelNussinov(int,byte[],int[][])",160,TIMEOUT,TIMEOUT,TIMEOUT,TIMEOUT,TIMEOUT,TIMEOUT
java/polybench/medley/,"Nussinov: void main(java.lang.String[])",40,288,193,22,380,70,70
java/polybench/medley/,"Deriche: void <init>()",4,225,154,4,297,10,10
java/polybench/medley/,"Deriche: void initArray(int,int,double[][])",33,10787,10060,655,10894,946,1166
java/polybench/medley/,"Deriche: void printArray(int,int,double[][])",44,1405,740,592,1540,678,1119
java/polybench/medley/,"Deriche: void kernelDeriche(int,int,double,double[][],double[][],double[][],double[][])",380,TIMEOUT,TIMEOUT,TIMEOUT,TIMEOUT,TIMEOUT,TIMEOUT
java/polybench/medley/,"Deriche: void main(java.lang.String[])",61,305,200,25,399,82,82
java/polybench/stencils/,"Seidel2D: void <init>()",4,222,153,5,296,10,10
java/polybench/stencils/,"Seidel2D: void initArray(int,double[][])",33,3699,2984,643,3802,954,1164
java/polybench/stencils/,"Seidel2D: void printArray(int,double[][])",44,1428,752,600,1564,686,1116
java/polybench/stencils/,"Seidel2D: void kernelSeidel2D(int,int,double[][])",113,TIMEOUT,TIMEOUT,TIMEOUT,TIMEOUT,TIMEOUT,TIMEOUT
java/polybench/stencils/,"Seidel2D: void main(java.lang.String[])",38,275,186,19,358,67,67
java/polybench/stencils/,"Heat3d: void <init>()",4,223,152,5,278,10,10
java/polybench/stencils/,"Heat3d: void initArray(int,double[][][],double[][][])",51,5626,4900,650,5758,748,1548
java/polybench/stencils/,"Heat3d: void printArray(int,double[][][])",59,2067,1318,674,2233,1170,1117
java/polybench/stencils/,"Heat3d: void kernelHeat3d(int,int,double[][][],double[][][])",283,TIMEOUT,TIMEOUT,TIMEOUT,TIMEOUT,TIMEOUT,TIMEOUT
java/polybench/stencils/,"Heat3d: void main(java.lang.String[])",46,288,192,21,373,71,71
java/polybench/stencils/,"Jacobi1D: void <init>()",4,221,152,4,294,10,10
java/polybench/stencils/,"Jacobi1D: void initArray(int,double[],double[])",29,22525,21834,618,22614,1179,784
java/polybench/stencils/,"Jacobi1D: void printArray(int,double[])",34,1981,1378,527,2093,791,770
java/polybench/stencils/,"Jacobi1D: void kernelJacobi1D(int,int,double[],double[])",67,TIMEOUT,TIMEOUT,TIMEOUT,TIMEOUT,TIMEOUT,TIMEOUT
java/polybench/stencils/,"Jacobi1D: void main(java.lang.String[])",42,277,187,21,362,70,70
java/polybench/stencils/,"Fdtd2d: void <init>()",4,223,153,4,295,10,10
java/polybench/stencils/,"Fdtd2d: void initArray(int,int,int,double[][],double[][],double[][],double[])",73,20137,19445,618,20359,1000,1418
java/polybench/stencils/,"Fdtd2d: void printArray(int,int,double[][],double[][],double[][])",158,3949,3339,521,4184,643,1254
java/polybench/stencils/,"Fdtd2d: void kernelFDTD2D(int,int,int,double[][],double[][],double[][],double[])",162,2026,1445,491,2266,597,1780
java/polybench/stencils/,"Fdtd2d: void main(java.lang.String[])",49,266,179,12,349,40,40
java/polybench/stencils/,"Adi: void <init>()",4,218,150,4,292,10,10
java/polybench/stencils/,"Adi: void initArray(int,double[][])",30,4326,3608,644,4426,1028,1152
java/polybench/stencils/,"Adi: void printArray(int,double[][],java.io.PrintStream)",58,5997,5314,604,6126,785,1095
java/polybench/stencils/,"Adi: void kernelADI(int,int,double[][],double[][],double[][],double[][])",384,13658,13086,476,14019,702,1842
java/polybench/stencils/,"Adi: void main(java.lang.String[])",36,260,177,12,346,37,37
java/polybench/stencils/,"Jacobi2D: void <init>()",4,219,152,4,292,10,10
java/polybench/stencils/,"Jacobi2D: void initArray(int,double[][],double[][])",50,21566,20876,617,21711,895,1226
java/polybench/stencils/,"Jacobi2D: void printArray(int,double[][])",44,1727,1054,599,1864,688,1080
java/polybench/stencils/,"Jacobi2D: void kernelJacobi2D(int,int,double[][],double[][])",133,TIMEOUT,TIMEOUT,TIMEOUT,TIMEOUT,TIMEOUT,TIMEOUT
java/polybench/stencils/,"Jacobi2D: void main(java.lang.String[])",44,281,192,21,366,71,71
java/uninlined-spec/scimark/,"LU: void <init>(int)",7,229,156,5,305,14,14
java/uninlined-spec/scimark/,"LU: void main(int)",9,231,159,6,312,18,18
java/uninlined-spec/scimark/,"LU: double num_flops(int)",14,237,158,14,311,16,13
java/uninlined-spec/scimark/,"LU: double[] new_copy(double[])",22,2897,2284,543,2980,1355,982
java/uninlined-spec/scimark/,"LU: double[][] new_copy(double[][])",43,4953,4243,640,5057,1107,1378
java/uninlined-spec/scimark/,"LU: int[] new_copy(int[])",22,3337,2732,536,3420,1357,984
java/uninlined-spec/scimark/,"LU: void insert_copy(double[][],double[][])",85,33319,32629,615,33446,833,1913
java/uninlined-spec/scimark/,"LU: double[][] getLU()",5,228,156,6,299,14,14
java/uninlined-spec/scimark/,"LU: int[] getPivot()",5,228,157,5,302,14,14
java/uninlined-spec/scimark/,"LU: double[] solve(double[])",13,244,165,8,318,23,23
java/uninlined-spec/scimark/,"LU: int factor(double[][],int[])",163,FAILURE,FAILURE,FAILURE,FAILURE,FAILURE,FAILURE
java/uninlined-spec/scimark/,"LU: void solve(double[][],int[],double[])",108,TIMEOUT,TIMEOUT,TIMEOUT,TIMEOUT,TIMEOUT,TIMEOUT
java/uninlined-spec/scimark/,"LU: double measureLU(int,double,Random)",91,93116,92415,605,93245,1323,749
java/uninlined-spec/scimark/,"LU: void run()",19,247,167,8,320,24,24
java/uninlined-spec/scimark/,"Random: void <init>()",32,256,175,14,340,50,50
java/uninlined-spec/scimark/,"Random: void <init>(double,double)",46,273,185,19,366,62,62
java/uninlined-spec/scimark/,"Random: void <init>(int)",31,255,175,13,336,45,45
java/uninlined-spec/scimark/,"Random: void <init>(int,double,double)",45,260,174,18,345,57,57
java/uninlined-spec/scimark/,"Random: double nextDouble()",72,328,212,45,473,104,97
java/uninlined-spec/scimark/,"Random: void nextDoubles(double[])",394,FAILURE,FAILURE,FAILURE,FAILURE,FAILURE,FAILURE
java/uninlined-spec/scimark/,"Random: void initialize(int)",75,30083,29420,581,30191,781,673
java/uninlined-spec/scimark/,"SparseCompRow: void <init>(int)",7,227,154,5,302,14,14
java/uninlined-spec/scimark/,"SparseCompRow: void main(int)",9,230,158,6,308,18,18
java/uninlined-spec/scimark/,"SparseCompRow: double num_flops(int,int,int)",15,239,159,14,319,18,15
java/uninlined-spec/scimark/,"SparseCompRow: void matmult(double[],double[],int[],int[],double[],int,int)",87,8994,8347,565,9224,921,1283
java/uninlined-spec/scimark/,"SparseCompRow: double measureSparseMatmult(int,int,double,Random)",109,4912,4108,728,5054,1656,1747
java/uninlined-spec/scimark/,"SparseCompRow: void run()",22,237,162,9,314,28,28
java/uninlined-spec/scimark/,"SOR: void <init>(int)",7,226,155,5,300,14,14
java/uninlined-spec/scimark/,"SOR: void main(int)",9,242,162,6,319,18,18
java/uninlined-spec/scimark/,"SOR: double num_flops(int,int,int)",22,3761,3398,296,3842,315,87
java/uninlined-spec/scimark/,"SOR: double execute(double,double[][],int)",112,TIMEOUT,TIMEOUT,TIMEOUT,TIMEOUT,TIMEOUT,TIMEOUT
java/uninlined-spec/scimark/,"SOR: double measureSOR(int,double,Random)",75,360,234,51,501,147,146
java/uninlined-spec/scimark/,"SOR: void run()",19,237,163,7,311,24,24
java/uninlined-spec/scimark/,"MonteCarlo: void <init>()",4,220,150,4,292,10,10
java/uninlined-spec/scimark/,"MonteCarlo: void main()",8,229,157,5,306,16,16
java/uninlined-spec/scimark/,"MonteCarlo: double num_flops(int)",6,227,151,10,300,10,9
java/uninlined-spec/scimark/,"MonteCarlo: double integrate(int)",40,3123,2400,651,3244,798,990
java/uninlined-spec/scimark/,"MonteCarlo: double measureMonteCarlo(double,Random)",32,264,178,17,346,45,44
java/uninlined-spec/scimark/,"MonteCarlo: void run()",16,234,160,6,310,20,20
java/uninlined-spec/scimark/,"FFT: void <init>(int)",7,225,153,5,302,14,14
java/uninlined-spec/scimark/,"FFT: double num_flops(int)",23,307,180,58,393,53,31
java/uninlined-spec/scimark/,"FFT: long inst_main(java.lang.String[])",5,227,154,4,297,10,10
java/uninlined-spec/scimark/,"FFT: void transform(double[])",6,227,154,5,302,12,12
java/uninlined-spec/scimark/,"FFT: void inverse(double[])",32,4343,3728,544,4429,1310,936
java/uninlined-spec/scimark/,"FFT: double test(double[])",48,3936,3121,738,4044,1663,1225
java/uninlined-spec/scimark/,"FFT: double[] makeRandom(int)",21,2044,1427,547,2128,1087,749
java/uninlined-spec/scimark/,"FFT: void main(int)",9,221,150,6,271,18,18
java/uninlined-spec/scimark/,"FFT: void transform_internal(double[],int)",252,TIMEOUT,TIMEOUT,TIMEOUT,TIMEOUT,TIMEOUT,TIMEOUT
java/uninlined-spec/scimark/,"FFT: void bitreverse(double[])",87,29754,29032,646,29879,1522,1563
java/uninlined-spec/scimark/,"FFT: double measureFFT(int,double,Random)",75,372,224,63,502,125,123
java/uninlined-spec/scimark/,"Constants: void <init>()",4,226,152,4,299,10,10
java/uninlined-spec/scimark/,"kernel: void <init>()",4,219,150,4,292,10,10
java/uninlined-spec/scimark/,"kernel: double[] NewVectorCopy(double[])",22,3867,3260,538,3951,1359,985
java/uninlined-spec/scimark/,"kernel: void CopyVector(double[],double[])",18,3374,2760,544,3455,1355,982
java/uninlined-spec/scimark/,"kernel: double normabs(double[],double[])",26,2071,1339,661,2169,726,863
java/uninlined-spec/scimark/,"kernel: void CopyMatrix(double[][],double[][])",85,11148,10465,607,11278,839,1864
java/uninlined-spec/scimark/,"kernel: double[][] RandomizeMatrix(double[][],Random)",28,2970,2349,550,3073,674,1151
java/uninlined-spec/scimark/,"kernel: double[][] RandomMatrix(int,int,Random)",28,1845,1130,644,1943,837,1159
java/uninlined-spec/scimark/,"kernel: double[] RandomVector(int,Random)",18,2484,1876,540,2572,1088,772
java/uninlined-spec/scimark/,"kernel: double[] RandomizeVector(double[],Random)",16,7412,6812,530,7498,878,595
java/uninlined-spec/scimark/,"kernel: double[] matvec(double[][],double[])",13,230,159,6,303,17,17
java/uninlined-spec/scimark/,"kernel: void matvec(double[][],double[],double[])",44,6011,5320,620,6116,813,1418
java/uninlined-spec/scimark/,"kernel: void init()",92,355,224,53,488,139,139
java/uninlined-spec/scimark/,"kernel: void checkResults(java.lang.String,java.lang.String,int)",27,277,181,19,381,61,61
java/uninlined-spec/scimark/,"Stopwatch: double seconds()",6,232,155,11,305,14,13
java/uninlined-spec/scimark/,"Stopwatch: void reset()",11,229,156,5,304,17,17
java/uninlined-spec/scimark/,"Stopwatch: void <init>()",6,223,154,5,302,13,13
java/uninlined-spec/scimark/,"Stopwatch: void start()",14,243,165,10,337,28,28
java/uninlined-spec/scimark/,"Stopwatch: void resume()",11,252,176,8,340,24,24
java/uninlined-spec/scimark/,"Stopwatch: double stop()",19,256,170,18,357,37,35
java/uninlined-spec/scimark/,"Stopwatch: double read()",19,261,173,19,352,40,38
java/inlined-spec/scimark/,"LU: void <init>(int)",7,230,155,5,306,14,14
java/inlined-spec/scimark/,"LU: double num_flops(int)",14,239,161,14,307,16,13
java/inlined-spec/scimark/,"LU: double[] new_copy(double[])",22,3073,2480,526,3153,1360,986
java/inlined-spec/scimark/,"LU: double[][] new_copy(double[][])",43,6656,5957,628,6754,1129,1414
java/inlined-spec/scimark/,"LU: int[] new_copy(int[])",22,3352,2758,526,3428,1363,988
java/inlined-spec/scimark/,"LU: void insert_copy(double[][],double[][])",85,17349,16669,604,17463,842,1902
java/inlined-spec/scimark/,"LU: double[][] getLU()",46,2225,1529,625,2323,1095,1337
java/inlined-spec/scimark/,"LU: int[] getPivot()",24,4385,3779,535,4468,1177,875
java/inlined-spec/scimark/,"LU: double[] solve(double[])",136,TIMEOUT,TIMEOUT,TIMEOUT,TIMEOUT,TIMEOUT,TIMEOUT
java/inlined-spec/scimark/,"LU: int factor(double[][],int[])",163,FAILURE,FAILURE,FAILURE,FAILURE,FAILURE,FAILURE
java/inlined-spec/scimark/,"LU: void solve(double[][],int[],double[])",108,TIMEOUT,TIMEOUT,TIMEOUT,TIMEOUT,TIMEOUT,TIMEOUT
java/inlined-spec/scimark/,"Random: void <init>()",104,43921,43340,504,44053,794,671
java/inlined-spec/scimark/,"Random: void <init>(double,double)",118,54856,54265,509,54987,811,686
java/inlined-spec/scimark/,"Random: void <init>(int)",101,34704,34127,498,34826,787,672
java/inlined-spec/scimark/,"Random: void <init>(int,double,double)",115,101796,101218,500,101925,803,683
java/inlined-spec/scimark/,"Random: double nextDouble()",72,327,209,45,465,104,97
java/inlined-spec/scimark/,"Random: void nextDoubles(double[])",394,FAILURE,FAILURE,FAILURE,FAILURE,FAILURE,FAILURE
java/inlined-spec/scimark/,"Random: void initialize(int)",75,22041,21201,758,22149,772,662
java/inlined-spec/scimark/,"SparseCompRow: void <init>(int)",7,218,148,5,271,14,14
java/inlined-spec/scimark/,"SparseCompRow: double num_flops(int,int,int)",15,243,160,14,317,18,15
java/inlined-spec/scimark/,"SparseCompRow: void matmult(double[],double[],int[],int[],double[],int,int)",108,58455,57706,650,58692,919,1289
java/inlined-spec/scimark/,"SOR: void <init>(int)",7,226,155,5,302,14,14
java/inlined-spec/scimark/,"SOR: double num_flops(int,int,int)",22,8170,7799,291,8247,315,87
java/inlined-spec/scimark/,"SOR: double execute(double,double[][],int)",112,TIMEOUT,TIMEOUT,TIMEOUT,TIMEOUT,TIMEOUT,TIMEOUT
java/inlined-spec/scimark/,"MonteCarlo: void <init>()",4,219,149,4,268,10,10
java/inlined-spec/scimark/,"MonteCarlo: double num_flops(int)",6,226,149,10,294,10,9
java/inlined-spec/scimark/,"FFT: void <init>(int)",7,223,153,5,299,14,14
java/inlined-spec/scimark/,"FFT: double[] makeRandom(int)",21,3406,2650,682,3486,1091,754
java/inlined-spec/scimark/,"FFT: void bitreverse(double[])",87,10651,9874,690,10760,1429,1646
java/inlined-spec/scimark/,"Constants: void <init>()",4,219,147,4,292,10,10
java/inlined-spec/scimark/,"kernel: void <init>()",4,220,153,4,292,10,10
java/inlined-spec/scimark/,"kernel: double[] NewVectorCopy(double[])",22,3291,2682,539,3374,1359,985
java/inlined-spec/scimark/,"kernel: void CopyVector(double[],double[])",18,3791,3180,540,3874,1355,982
java/inlined-spec/scimark/,"kernel: double normabs(double[],double[])",26,1577,851,656,1676,729,890
java/inlined-spec/scimark/,"kernel: void CopyMatrix(double[][],double[][])",85,24656,23978,603,24788,836,1888
java/inlined-spec/scimark/,"kernel: double[] matvec(double[][],double[])",51,4190,3325,784,4293,832,1423
java/inlined-spec/scimark/,"kernel: void matvec(double[][],double[],double[])",44,8365,7512,773,8441,832,1421
java/inlined-spec/scimark/,"kernel: void init()",92,382,235,67,510,139,139
java/inlined-spec/scimark/,"kernel: void checkResults(java.lang.String,java.lang.String,int)",27,294,189,20,399,61,61
java/inlined-spec/scimark/,"Stopwatch: double seconds()",6,240,164,11,313,14,13
java/inlined-spec/scimark/,"Stopwatch: void reset()",11,227,156,6,300,17,17
java/inlined-spec/scimark/,"Stopwatch: void <init>()",13,231,159,6,307,21,21
java/inlined-spec/scimark/,"Stopwatch: void start()",17,251,167,15,341,33,32
java/inlined-spec/scimark/,"Stopwatch: void resume()",14,243,160,15,335,29,28
java/inlined-spec/scimark/,"Stopwatch: double stop()",22,263,174,21,357,42,39
java/inlined-spec/scimark/,"Stopwatch: double read()",25,270,177,24,363,48,44
java/uninlined-spec/compress/,"Compress: void <init>()",4,218,149,4,269,10,10
java/uninlined-spec/compress/,"Compress: OutputBuffer performAction(byte[],int,int,byte[])",29,260,177,16,361,49,49
java/uninlined-spec/compress/,"Harness: void <init>()",4,221,149,4,294,10,10
java/uninlined-spec/compress/,"Harness: void runCompress(int)",103,1364,797,479,1558,567,940
java/uninlined-spec/compress/,"Harness: long inst_main(int)",10,231,159,7,283,19,19
java/uninlined-spec/compress/,"Harness: void prepareBuffers()",40,1144,573,494,1255,289,779
java/inlined-spec/compress/,"Compress: void <init>()",4,211,142,4,261,10,10
java/inlined-spec/compress/,"Compress: OutputBuffer performAction(byte[],int,int,byte[])",2230,FAILURE,FAILURE,FAILURE,FAILURE,FAILURE,FAILURE
java/inlined-spec/compress/,"Harness: void <init>()",4,222,151,4,295,10,10
java/inlined-spec/compress/,"Harness: void runCompress(int)",4564,FAILURE,FAILURE,FAILURE,FAILURE,FAILURE,FAILURE
java/inlined-spec/compress/,"Harness: long inst_main(int)",4569,FAILURE,FAILURE,FAILURE,FAILURE,FAILURE,FAILURE
java/inlined-spec/compress/,"Harness: void prepareBuffers()",40,1083,491,511,1185,290,783
